HourUTC;HourDK;PriceArea;SpotPriceDKK;SpotPriceEUR
2025-02-28 23:00:00;2025-03-01 00:00:00;DK2;956,154038;128,199997
2025-03-01 00:00:00;2025-03-01 01:00:00;DK2;897,830132;120,379997
2025-03-01 01:00:00;2025-03-01 02:00:00;DK2;873,292317;117,089996
2025-03-01 02:00:00;2025-03-01 03:00:00;DK2;836,448360;112,150002
2025-03-01 03:00:00;2025-03-01 04:00:00;DK2;818,548425;109,750000
2025-03-01 04:00:00;2025-03-01 05:00:00;DK2;834,509180;111,889999
2025-03-01 05:00:00;2025-03-01 06:00:00;DK2;873,441520;117,110001
2025-03-01 06:00:00;2025-03-01 07:00:00;DK2;1012,911708;135,809998
2025-03-01 07:00:00;2025-03-01 08:00:00;DK2;1035,361258;138,820007
2025-03-01 08:00:00;2025-03-01 09:00:00;DK2;1027,530021;137,770004
2025-03-01 09:00:00;2025-03-01 10:00:00;DK2;932,884179;125,080002
2025-03-01 10:00:00;2025-03-01 11:00:00;DK2;836,075415;112,099998
2025-03-01 11:00:00;2025-03-01 12:00:00;DK2;762,312836;102,209999
2025-03-01 12:00:00;2025-03-01 13:00:00;DK2;725,468819;97,269997
2025-03-01 13:00:00;2025-03-01 14:00:00;DK2;741,280430;99,389999
2025-03-01 14:00:00;2025-03-01 15:00:00;DK2;729,421762;97,800003
2025-03-01 15:00:00;2025-03-01 16:00:00;DK2;935,345433;125,410004
2025-03-01 16:00:00;2025-03-01 17:00:00;DK2;1081,453500;145,000000
2025-03-01 17:00:00;2025-03-01 18:00:00;DK2;1182,513487;158,550003
2025-03-01 18:00:00;2025-03-01 19:00:00;DK2;1124,562467;150,779999
2025-03-01 19:00:00;2025-03-01 20:00:00;DK2;995,011833;133,410004
2025-03-01 20:00:00;2025-03-01 21:00:00;DK2;935,419971;125,419998
2025-03-01 21:00:00;2025-03-01 22:00:00;DK2;910,136342;122,029999
2025-03-01 22:00:00;2025-03-01 23:00:00;DK2;894,399321;119,919998
2025-03-01 23:00:00;2025-03-02 00:00:00;DK2;765,296170;102,610001
2025-03-02 00:00:00;2025-03-02 01:00:00;DK2;431,537245;57,860001
2025-03-02 01:00:00;2025-03-02 02:00:00;DK2;225,389819;30,219999
2025-03-02 02:00:00;2025-03-02 03:00:00;DK2;159,383878;21,370001
2025-03-02 03:00:00;2025-03-02 04:00:00;DK2;142,155191;19,059999
2025-03-02 04:00:00;2025-03-02 05:00:00;DK2;142,080608;19,049999
2025-03-02 05:00:00;2025-03-02 06:00:00;DK2;324,883555;43,560001
2025-03-02 06:00:00;2025-03-02 07:00:00;DK2;676,393242;90,690002
2025-03-02 07:00:00;2025-03-02 08:00:00;DK2;769,025320;103,110001
2025-03-02 08:00:00;2025-03-02 09:00:00;DK2;663,788700;89,000000
2025-03-02 09:00:00;2025-03-02 10:00:00;DK2;251,419286;33,709999
2025-03-02 10:00:00;2025-03-02 11:00:00;DK2;83,682126;11,220000
2025-03-02 11:00:00;2025-03-02 12:00:00;DK2;55,191420;7,400000
2025-03-02 12:00:00;2025-03-02 13:00:00;DK2;23,419062;3,140000
2025-03-02 13:00:00;2025-03-02 14:00:00;DK2;21,256155;2,850000
2025-03-02 14:00:00;2025-03-02 15:00:00;DK2;141,707700;19,000000
2025-03-02 15:00:00;2025-03-02 16:00:00;DK2;403,941528;54,160000
2025-03-02 16:00:00;2025-03-02 17:00:00;DK2;743,517942;99,690002
2025-03-02 17:00:00;2025-03-02 18:00:00;DK2;1018,654629;136,580002
2025-03-02 18:00:00;2025-03-02 19:00:00;DK2;874,336531;117,230003
2025-03-02 19:00:00;2025-03-02 20:00:00;DK2;603,376485;80,900002
2025-03-02 20:00:00;2025-03-02 21:00:00;DK2;455,702115;61,099998
2025-03-02 21:00:00;2025-03-02 22:00:00;DK2;261,935489;35,119999
2025-03-02 22:00:00;2025-03-02 23:00:00;DK2;189,515403;25,410000
2025-03-02 23:00:00;2025-03-03 00:00:00;DK2;211,144466;28,309999
2025-03-03 00:00:00;2025-03-03 01:00:00;DK2;201,672439;27,040001
2025-03-03 01:00:00;2025-03-03 02:00:00;DK2;192,424133;25,799999
2025-03-03 02:00:00;2025-03-03 03:00:00;DK2;149,986420;20,110001
2025-03-03 03:00:00;2025-03-03 04:00:00;DK2;111,427002;14,940000
2025-03-03 04:00:00;2025-03-03 05:00:00;DK2;149,986420;20,110001
2025-03-03 05:00:00;2025-03-03 06:00:00;DK2;311,831530;41,810001
2025-03-03 06:00:00;2025-03-03 07:00:00;DK2;437,802217;58,700001
2025-03-03 07:00:00;2025-03-03 08:00:00;DK2;522,826815;70,099998
2025-03-03 08:00:00;2025-03-03 09:00:00;DK2;332,565597;44,590000
2025-03-03 09:00:00;2025-03-03 10:00:00;DK2;149,911830;20,100000
2025-03-03 10:00:00;2025-03-03 11:00:00;DK2;31,996107;4,290000
2025-03-03 11:00:00;2025-03-03 12:00:00;DK2;18,123669;2,430000
2025-03-03 12:00:00;2025-03-03 13:00:00;DK2;12,455361;1,670000
2025-03-03 13:00:00;2025-03-03 14:00:00;DK2;80,624223;10,810000
2025-03-03 14:00:00;2025-03-03 15:00:00;DK2;260,220080;34,889999
2025-03-03 15:00:00;2025-03-03 16:00:00;DK2;526,928910;70,650002
2025-03-03 16:00:00;2025-03-03 17:00:00;DK2;963,537792;129,190002
2025-03-03 17:00:00;2025-03-03 18:00:00;DK2;1220,625408;163,660004
2025-03-03 18:00:00;2025-03-03 19:00:00;DK2;765,967388;102,699997
2025-03-03 19:00:00;2025-03-03 20:00:00;DK2;657,747492;88,190002
2025-03-03 20:00:00;2025-03-03 21:00:00;DK2;596,216517;79,940002
2025-03-03 21:00:00;2025-03-03 22:00:00;DK2;514,697298;69,010002
2025-03-03 22:00:00;2025-03-03 23:00:00;DK2;300,569483;40,299999
2025-03-03 23:00:00;2025-03-04 00:00:00;DK2;488,930917;65,550003
2025-03-04 00:00:00;2025-03-04 01:00:00;DK2;405,689564;54,389999
2025-03-04 01:00:00;2025-03-04 02:00:00;DK2;240,847888;32,290001
2025-03-04 02:00:00;2025-03-04 03:00:00;DK2;149,998486;20,110001
2025-03-04 03:00:00;2025-03-04 04:00:00;DK2;149,923890;20,100000
2025-03-04 04:00:00;2025-03-04 05:00:00;DK2;317,077824;42,509998
2025-03-04 05:00:00;2025-03-04 06:00:00;DK2;395,023337;52,959999
2025-03-04 06:00:00;2025-03-04 07:00:00;DK2;491,541525;65,900002
2025-03-04 07:00:00;2025-03-04 08:00:00;DK2;468,791850;62,849998
2025-03-04 08:00:00;2025-03-04 09:00:00;DK2;456,708447;61,230000
2025-03-04 09:00:00;2025-03-04 10:00:00;DK2;188,710163;25,299999
2025-03-04 10:00:00;2025-03-04 11:00:00;DK2;98,905014;13,260000
2025-03-04 11:00:00;2025-03-04 12:00:00;DK2;29,835600;4,000000
2025-03-04 12:00:00;2025-03-04 13:00:00;DK2;30,133956;4,040000
2025-03-04 13:00:00;2025-03-04 14:00:00;DK2;75,409479;10,110000
2025-03-04 14:00:00;2025-03-04 15:00:00;DK2;224,289123;30,070000
2025-03-04 15:00:00;2025-03-04 16:00:00;DK2;243,607674;32,660000
2025-03-04 16:00:00;2025-03-04 17:00:00;DK2;558,746229;74,910004
2025-03-04 17:00:00;2025-03-04 18:00:00;DK2;481,397413;64,540001
2025-03-04 18:00:00;2025-03-04 19:00:00;DK2;315,511463;42,299999
2025-03-04 19:00:00;2025-03-04 20:00:00;DK2;222,648165;29,850000
2025-03-04 20:00:00;2025-03-04 21:00:00;DK2;188,933937;25,330000
2025-03-04 21:00:00;2025-03-04 22:00:00;DK2;190,351128;25,520000
2025-03-04 22:00:00;2025-03-04 23:00:00;DK2;149,923890;20,100000
2025-03-04 23:00:00;2025-03-05 00:00:00;DK2;29,835600;4,000000
2025-03-05 00:00:00;2025-03-05 01:00:00;DK2;29,835600;4,000000
2025-03-05 01:00:00;2025-03-05 02:00:00;DK2;29,835600;4,000000
2025-03-05 02:00:00;2025-03-05 03:00:00;DK2;29,835600;4,000000
2025-03-05 03:00:00;2025-03-05 04:00:00;DK2;73,097220;9,800000
2025-03-05 04:00:00;2025-03-05 05:00:00;DK2;29,835600;4,000000
2025-03-05 05:00:00;2025-03-05 06:00:00;DK2;119,640763;16,040001
2025-03-05 06:00:00;2025-03-05 07:00:00;DK2;327,669477;43,930000
2025-03-05 07:00:00;2025-03-05 08:00:00;DK2;293,060188;39,290001
2025-03-05 08:00:00;2025-03-05 09:00:00;DK2;93,982140;12,600000
2025-03-05 09:00:00;2025-03-05 10:00:00;DK2;2,536026;0,340000
2025-03-05 10:00:00;2025-03-05 11:00:00;DK2;-4,997463;-0,670000
2025-03-05 11:00:00;2025-03-05 12:00:00;DK2;-5,221230;-0,700000
2025-03-05 12:00:00;2025-03-05 13:00:00;DK2;-5,817942;-0,780000
2025-03-05 13:00:00;2025-03-05 14:00:00;DK2;0,074589;0,010000
2025-03-05 14:00:00;2025-03-05 15:00:00;DK2;29,611833;3,970000
2025-03-05 15:00:00;2025-03-05 16:00:00;DK2;98,681247;13,230000
2025-03-05 16:00:00;2025-03-05 17:00:00;DK2;450,517575;60,400002
2025-03-05 17:00:00;2025-03-05 18:00:00;DK2;450,592149;60,410000
2025-03-05 18:00:00;2025-03-05 19:00:00;DK2;324,462150;43,500000
2025-03-05 19:00:00;2025-03-05 20:00:00;DK2;259,271349;34,759998
2025-03-05 20:00:00;2025-03-05 21:00:00;DK2;250,246088;33,549999
2025-03-05 21:00:00;2025-03-05 22:00:00;DK2;233,538152;31,309999
2025-03-05 22:00:00;2025-03-05 23:00:00;DK2;232,419324;31,160000
2025-03-05 23:00:00;2025-03-06 00:00:00;DK2;226,016783;30,299999
2025-03-06 00:00:00;2025-03-06 01:00:00;DK2;220,273136;29,530001
2025-03-06 01:00:00;2025-03-06 02:00:00;DK2;264,581378;35,470001
2025-03-06 02:00:00;2025-03-06 03:00:00;DK2;292,852103;39,259998
2025-03-06 03:00:00;2025-03-06 04:00:00;DK2;353,570835;47,400002
2025-03-06 04:00:00;2025-03-06 05:00:00;DK2;492,090028;65,970001
2025-03-06 05:00:00;2025-03-06 06:00:00;DK2;694,908418;93,160004
2025-03-06 06:00:00;2025-03-06 07:00:00;DK2;1040,124807;139,440002
2025-03-06 07:00:00;2025-03-06 08:00:00;DK2;809,408658;108,510002
2025-03-06 08:00:00;2025-03-06 09:00:00;DK2;587,046888;78,699997
2025-03-06 09:00:00;2025-03-06 10:00:00;DK2;376,470878;50,470001
2025-03-06 10:00:00;2025-03-06 11:00:00;DK2;29,986386;4,020000
2025-03-06 11:00:00;2025-03-06 12:00:00;DK2;0,596744;0,080000
2025-03-06 12:00:00;2025-03-06 13:00:00;DK2;0,149186;0,020000
2025-03-06 13:00:00;2025-03-06 14:00:00;DK2;98,164388;13,160000
2025-03-06 14:00:00;2025-03-06 15:00:00;DK2;474,486080;63,610001
2025-03-06 15:00:00;2025-03-06 16:00:00;DK2;739,962538;99,199997
2025-03-06 16:00:00;2025-03-06 17:00:00;DK2;967,471188;129,699997
2025-03-06 17:00:00;2025-03-06 18:00:00;DK2;1233,469855;165,360001
2025-03-06 18:00:00;2025-03-06 19:00:00;DK2;1112,256230;149,110001
2025-03-06 19:00:00;2025-03-06 20:00:00;DK2;937,186445;125,639999
2025-03-06 20:00:00;2025-03-06 21:00:00;DK2;795,385137;106,629997
2025-03-06 21:00:00;2025-03-06 22:00:00;DK2;756,895178;101,470001
2025-03-06 22:00:00;2025-03-06 23:00:00;DK2;679,616830;91,110001
2025-03-06 23:00:00;2025-03-07 00:00:00;DK2;673,314881;90,269997
2025-03-07 00:00:00;2025-03-07 01:00:00;DK2;673,314881;90,269997
2025-03-07 01:00:00;2025-03-07 02:00:00;DK2;681,594260;91,379997
2025-03-07 02:00:00;2025-03-07 03:00:00;DK2;683,906556;91,690002
2025-03-07 03:00:00;2025-03-07 04:00:00;DK2;731,941835;98,129997
2025-03-07 04:00:00;2025-03-07 05:00:00;DK2;858,966954;115,160004
2025-03-07 05:00:00;2025-03-07 06:00:00;DK2;1011,948948;135,669998
2025-03-07 06:00:00;2025-03-07 07:00:00;DK2;1101,679508;147,699997
2025-03-07 07:00:00;2025-03-07 08:00:00;DK2;911,701369;122,230003
2025-03-07 08:00:00;2025-03-07 09:00:00;DK2;619,088700;83,000000
2025-03-07 09:00:00;2025-03-07 10:00:00;DK2;487,066192;65,300003
2025-03-07 10:00:00;2025-03-07 11:00:00;DK2;235,029939;31,510000
2025-03-07 11:00:00;2025-03-07 12:00:00;DK2;97,562412;13,080000
2025-03-07 12:00:00;2025-03-07 13:00:00;DK2;60,267912;8,080000
2025-03-07 13:00:00;2025-03-07 14:00:00;DK2;276,352238;37,049999
2025-03-07 14:00:00;2025-03-07 15:00:00;DK2;672,419850;90,150002
2025-03-07 15:00:00;2025-03-07 16:00:00;DK2;947,205696;126,989998
2025-03-07 16:00:00;2025-03-07 17:00:00;DK2;1118,238273;149,919998
2025-03-07 17:00:00;2025-03-07 18:00:00;DK2;1615,970640;216,649994
2025-03-07 18:00:00;2025-03-07 19:00:00;DK2;1332,756200;178,679993
2025-03-07 19:00:00;2025-03-07 20:00:00;DK2;1109,138408;148,699997
2025-03-07 20:00:00;2025-03-07 21:00:00;DK2;987,558315;132,399994
2025-03-07 21:00:00;2025-03-07 22:00:00;DK2;888,429586;119,110001
2025-03-07 22:00:00;2025-03-07 23:00:00;DK2;834,128802;111,830002
2025-03-07 23:00:00;2025-03-08 00:00:00;DK2;932,138740;124,970001
2025-03-08 00:00:00;2025-03-08 01:00:00;DK2;849,867081;113,940002
2025-03-08 01:00:00;2025-03-08 02:00:00;DK2;874,332265;117,220001
2025-03-08 02:00:00;2025-03-08 03:00:00;DK2;870,901179;116,760002
2025-03-08 03:00:00;2025-03-08 04:00:00;DK2;883,282923;118,419998
2025-03-08 04:00:00;2025-03-08 05:00:00;DK2;904,764592;121,300003
2025-03-08 05:00:00;2025-03-08 06:00:00;DK2;953,396598;127,820000
2025-03-08 06:00:00;2025-03-08 07:00:00;DK2;899,543325;120,599998
2025-03-08 07:00:00;2025-03-08 08:00:00;DK2;731,345167;98,050003
2025-03-08 08:00:00;2025-03-08 09:00:00;DK2;541,068613;72,540001
2025-03-08 09:00:00;2025-03-08 10:00:00;DK2;134,633138;18,049999
2025-03-08 10:00:00;2025-03-08 11:00:00;DK2;15,439923;2,070000
2025-03-08 11:00:00;2025-03-08 12:00:00;DK2;-2,461437;-0,330000
2025-03-08 12:00:00;2025-03-08 13:00:00;DK2;-0,745890;-0,100000
2025-03-08 13:00:00;2025-03-08 14:00:00;DK2;20,586564;2,760000
2025-03-08 14:00:00;2025-03-08 15:00:00;DK2;399,274910;53,529999
2025-03-08 15:00:00;2025-03-08 16:00:00;DK2;752,379265;100,870003
2025-03-08 16:00:00;2025-03-08 17:00:00;DK2;1085,866677;145,580002
2025-03-08 17:00:00;2025-03-08 18:00:00;DK2;1298,146904;174,039993
2025-03-08 18:00:00;2025-03-08 19:00:00;DK2;1044,469760;140,029999
2025-03-08 19:00:00;2025-03-08 20:00:00;DK2;829,504262;111,209999
2025-03-08 20:00:00;2025-03-08 21:00:00;DK2;745,964604;100,010002
2025-03-08 21:00:00;2025-03-08 22:00:00;DK2;740,221221;99,239998
2025-03-08 22:00:00;2025-03-08 23:00:00;DK2;730,524681;97,940002
2025-03-08 23:00:00;2025-03-09 00:00:00;DK2;710,012706;95,190002
2025-03-09 00:00:00;2025-03-09 01:00:00;DK2;707,178294;94,809998
2025-03-09 01:00:00;2025-03-09 02:00:00;DK2;704,418531;94,440002
2025-03-09 02:00:00;2025-03-09 03:00:00;DK2;719,858454;96,510002
2025-03-09 03:00:00;2025-03-09 04:00:00;DK2;735,969648;98,669998
2025-03-09 04:00:00;2025-03-09 05:00:00;DK2;757,152954;101,510002
2025-03-09 05:00:00;2025-03-09 06:00:00;DK2;745,890000;100,000000
2025-03-09 06:00:00;2025-03-09 07:00:00;DK2;693,677700;93,000000
2025-03-09 07:00:00;2025-03-09 08:00:00;DK2;440,224278;59,020000
2025-03-09 08:00:00;2025-03-09 09:00:00;DK2;182,071749;24,410000
2025-03-09 09:00:00;2025-03-09 10:00:00;DK2;159,023748;21,320000
2025-03-09 10:00:00;2025-03-09 11:00:00;DK2;29,462655;3,950000
2025-03-09 11:00:00;2025-03-09 12:00:00;DK2;9,621981;1,290000
2025-03-09 12:00:00;2025-03-09 13:00:00;DK2;29,462655;3,950000
2025-03-09 13:00:00;2025-03-09 14:00:00;DK2;82,271667;11,030000
2025-03-09 14:00:00;2025-03-09 15:00:00;DK2;208,923789;28,010000
2025-03-09 15:00:00;2025-03-09 16:00:00;DK2;514,589496;68,989998
2025-03-09 16:00:00;2025-03-09 17:00:00;DK2;804,516961;107,860001
2025-03-09 17:00:00;2025-03-09 18:00:00;DK2;1000,611390;134,149994
2025-03-09 18:00:00;2025-03-09 19:00:00;DK2;989,870671;132,710007
2025-03-09 19:00:00;2025-03-09 20:00:00;DK2;854,342413;114,540001
2025-03-09 20:00:00;2025-03-09 21:00:00;DK2;804,591565;107,870003
2025-03-09 21:00:00;2025-03-09 22:00:00;DK2;779,902569;104,559998
2025-03-09 22:00:00;2025-03-09 23:00:00;DK2;773,040389;103,639999
2025-03-09 23:00:00;2025-03-10 00:00:00;DK2;714,813026;95,839996
2025-03-10 00:00:00;2025-03-10 01:00:00;DK2;707,951313;94,919998
2025-03-10 01:00:00;2025-03-10 02:00:00;DK2;721,227258;96,699997
2025-03-10 02:00:00;2025-03-10 03:00:00;DK2;722,420631;96,860001
2025-03-10 03:00:00;2025-03-10 04:00:00;DK2;671,106854;89,980003
2025-03-10 04:00:00;2025-03-10 05:00:00;DK2;754,267970;101,129997
2025-03-10 05:00:00;2025-03-10 06:00:00;DK2;1108,542029;148,630005
2025-03-10 06:00:00;2025-03-10 07:00:00;DK2;1192,374371;159,869995
2025-03-10 07:00:00;2025-03-10 08:00:00;DK2;1000,022287;134,080002
2025-03-10 08:00:00;2025-03-10 09:00:00;DK2;737,784913;98,919998
2025-03-10 09:00:00;2025-03-10 10:00:00;DK2;629,787311;84,440002
2025-03-10 10:00:00;2025-03-10 11:00:00;DK2;581,158513;77,919998
2025-03-10 11:00:00;2025-03-10 12:00:00;DK2;567,285889;76,059998
2025-03-10 12:00:00;2025-03-10 13:00:00;DK2;576,981831;77,360001
2025-03-10 13:00:00;2025-03-10 14:00:00;DK2;626,207257;83,959999
2025-03-10 14:00:00;2025-03-10 15:00:00;DK2;727,492343;97,540001
2025-03-10 15:00:00;2025-03-10 16:00:00;DK2;951,617226;127,589996
2025-03-10 16:00:00;2025-03-10 17:00:00;DK2;1104,589085;148,100006
2025-03-10 17:00:00;2025-03-10 18:00:00;DK2;1305,667489;175,059998
2025-03-10 18:00:00;2025-03-10 19:00:00;DK2;1196,327315;160,399994
2025-03-10 19:00:00;2025-03-10 20:00:00;DK2;1061,181145;142,279999
2025-03-10 20:00:00;2025-03-10 21:00:00;DK2;944,830112;126,680000
2025-03-10 21:00:00;2025-03-10 22:00:00;DK2;797,079230;106,870003
2025-03-10 22:00:00;2025-03-10 23:00:00;DK2;730,401112;97,930000
2025-03-10 23:00:00;2025-03-11 00:00:00;DK2;778,613686;104,389999
2025-03-11 00:00:00;2025-03-11 01:00:00;DK2;759,221080;101,790001
2025-03-11 01:00:00;2025-03-11 02:00:00;DK2;743,781571;99,720001
2025-03-11 02:00:00;2025-03-11 03:00:00;DK2;749,450198;100,480003
2025-03-11 03:00:00;2025-03-11 04:00:00;DK2;764,591352;102,510002
2025-03-11 04:00:00;2025-03-11 05:00:00;DK2;827,020634;110,879997
2025-03-11 05:00:00;2025-03-11 06:00:00;DK2;1104,931811;148,139999
2025-03-11 06:00:00;2025-03-11 07:00:00;DK2;1141,852353;153,089996
2025-03-11 07:00:00;2025-03-11 08:00:00;DK2;1092,997846;146,539993
2025-03-11 08:00:00;2025-03-11 09:00:00;DK2;958,666704;128,529999
2025-03-11 09:00:00;2025-03-11 10:00:00;DK2;760,787400;102,000000
2025-03-11 10:00:00;2025-03-11 11:00:00;DK2;727,074098;97,480003
2025-03-11 11:00:00;2025-03-11 12:00:00;DK2;719,391593;96,449997
2025-03-11 12:00:00;2025-03-11 13:00:00;DK2;733,861486;98,389999
2025-03-11 13:00:00;2025-03-11 14:00:00;DK2;763,397930;102,349998
2025-03-11 14:00:00;2025-03-11 15:00:00;DK2;841,639678;112,839996
2025-03-11 15:00:00;2025-03-11 16:00:00;DK2;991,261185;132,899994
2025-03-11 16:00:00;2025-03-11 17:00:00;DK2;1283,120154;172,029999
2025-03-11 17:00:00;2025-03-11 18:00:00;DK2;1530,152260;205,149994
2025-03-11 18:00:00;2025-03-11 19:00:00;DK2;1350,472207;181,059998
2025-03-11 19:00:00;2025-03-11 20:00:00;DK2;1115,001100;149,490005
2025-03-11 20:00:00;2025-03-11 21:00:00;DK2;992,380057;133,050003
2025-03-11 21:00:00;2025-03-11 22:00:00;DK2;904,516527;121,269997
2025-03-11 22:00:00;2025-03-11 23:00:00;DK2;800,766039;107,360001
2025-03-11 23:00:00;2025-03-12 00:00:00;DK2;758,888819;101,739998
2025-03-12 00:00:00;2025-03-12 01:00:00;DK2;746,730508;100,110001
2025-03-12 01:00:00;2025-03-12 02:00:00;DK2;729,649162;97,820000
2025-03-12 02:00:00;2025-03-12 03:00:00;DK2;726,740113;97,430000
2025-03-12 03:00:00;2025-03-12 04:00:00;DK2;759,709320;101,849998
2025-03-12 04:00:00;2025-03-12 05:00:00;DK2;823,260889;110,370003
2025-03-12 05:00:00;2025-03-12 06:00:00;DK2;1078,362139;144,570007
2025-03-12 06:00:00;2025-03-12 07:00:00;DK2;1206,509425;161,750000
2025-03-12 07:00:00;2025-03-12 08:00:00;DK2;1107,601796;148,490005
2025-03-12 08:00:00;2025-03-12 09:00:00;DK2;932,536660;125,019997
2025-03-12 09:00:00;2025-03-12 10:00:00;DK2;765,602017;102,639999
2025-03-12 10:00:00;2025-03-12 11:00:00;DK2;743,896065;99,730003
2025-03-12 11:00:00;2025-03-12 12:00:00;DK2;731,812308;98,110001
2025-03-12 12:00:00;2025-03-12 13:00:00;DK2;745,537023;99,949997
2025-03-12 13:00:00;2025-03-12 14:00:00;DK2;758,515894;101,690002
2025-03-12 14:00:00;2025-03-12 15:00:00;DK2;878,756556;117,809998
2025-03-12 15:00:00;2025-03-12 16:00:00;DK2;1046,884730;140,350006
2025-03-12 16:00:00;2025-03-12 17:00:00;DK2;1186,295212;159,039993
2025-03-12 17:00:00;2025-03-12 18:00:00;DK2;1491,074045;199,899994
2025-03-12 18:00:00;2025-03-12 19:00:00;DK2;1339,505193;179,580002
2025-03-12 19:00:00;2025-03-12 20:00:00;DK2;1104,618089;148,089996
2025-03-12 20:00:00;2025-03-12 21:00:00;DK2;986,540529;132,259995
2025-03-12 21:00:00;2025-03-12 22:00:00;DK2;895,241160;120,019997
2025-03-12 22:00:00;2025-03-12 23:00:00;DK2;819,829711;109,910004
2025-03-12 23:00:00;2025-03-13 00:00:00;DK2;809,389630;108,489998
2025-03-13 00:00:00;2025-03-13 01:00:00;DK2;762,612317;102,220001
2025-03-13 01:00:00;2025-03-13 02:00:00;DK2;738,291073;98,959999
2025-03-13 02:00:00;2025-03-13 03:00:00;DK2;721,355760;96,690002
2025-03-13 03:00:00;2025-03-13 04:00:00;DK2;733,590980;98,330002
2025-03-13 04:00:00;2025-03-13 05:00:00;DK2;789,843157;105,870003
2025-03-13 05:00:00;2025-03-13 06:00:00;DK2;990,008328;132,699997
2025-03-13 06:00:00;2025-03-13 07:00:00;DK2;1199,200807;160,740005
2025-03-13 07:00:00;2025-03-13 08:00:00;DK2;1201,065932;160,990005
2025-03-13 08:00:00;2025-03-13 09:00:00;DK2;1154,885422;154,800003
2025-03-13 09:00:00;2025-03-13 10:00:00;DK2;923,908290;123,839996
2025-03-13 10:00:00;2025-03-13 11:00:00;DK2;826,250375;110,750000
2025-03-13 11:00:00;2025-03-13 12:00:00;DK2;821,251855;110,080002
2025-03-13 12:00:00;2025-03-13 13:00:00;DK2;807,822933;108,279999
2025-03-13 13:00:00;2025-03-13 14:00:00;DK2;802,749785;107,599998
2025-03-13 14:00:00;2025-03-13 15:00:00;DK2;820,804188;110,019997
2025-03-13 15:00:00;2025-03-13 16:00:00;DK2;906,898365;121,559998
2025-03-13 16:00:00;2025-03-13 17:00:00;DK2;1066,478453;142,949997
2025-03-13 17:00:00;2025-03-13 18:00:00;DK2;1239,114415;166,089996
2025-03-13 18:00:00;2025-03-13 19:00:00;DK2;1293,799895;173,419998
2025-03-13 19:00:00;2025-03-13 20:00:00;DK2;1111,539932;148,990005
2025-03-13 20:00:00;2025-03-13 21:00:00;DK2;1012,315260;135,690002
2025-03-13 21:00:00;2025-03-13 22:00:00;DK2;920,700335;123,410004
2025-03-13 22:00:00;2025-03-13 23:00:00;DK2;832,069558;111,529999
2025-03-13 23:00:00;2025-03-14 00:00:00;DK2;814,568334;109,190002
2025-03-14 00:00:00;2025-03-14 01:00:00;DK2;791,367423;106,080002
2025-03-14 01:00:00;2025-03-14 02:00:00;DK2;790,546804;105,970001
2025-03-14 02:00:00;2025-03-14 03:00:00;DK2;775,029782;103,889999
2025-03-14 03:00:00;2025-03-14 04:00:00;DK2;786,070759;105,370003
2025-03-14 04:00:00;2025-03-14 05:00:00;DK2;851,048223;114,080002
2025-03-14 05:00:00;2025-03-14 06:00:00;DK2;1067,167327;143,050003
2025-03-14 06:00:00;2025-03-14 07:00:00;DK2;1158,478877;155,289993
2025-03-14 07:00:00;2025-03-14 08:00:00;DK2;1156,912323;155,080002
2025-03-14 08:00:00;2025-03-14 09:00:00;DK2;985,553818;132,110001
2025-03-14 09:00:00;2025-03-14 10:00:00;DK2;835,605816;112,010002
2025-03-14 10:00:00;2025-03-14 11:00:00;DK2;793,530859;106,370003
2025-03-14 11:00:00;2025-03-14 12:00:00;DK2;779,505834;104,489998
2025-03-14 12:00:00;2025-03-14 13:00:00;DK2;780,177273;104,580002
2025-03-14 13:00:00;2025-03-14 14:00:00;DK2;786,145316;105,379997
2025-03-14 14:00:00;2025-03-14 15:00:00;DK2;816,284127;109,419998
2025-03-14 15:00:00;2025-03-14 16:00:00;DK2;931,990293;124,930000
2025-03-14 16:00:00;2025-03-14 17:00:00;DK2;1093,352241;146,559998
2025-03-14 17:00:00;2025-03-14 18:00:00;DK2;1159,821754;155,470001
2025-03-14 18:00:00;2025-03-14 19:00:00;DK2;1126,624332;151,020004
2025-03-14 19:00:00;2025-03-14 20:00:00;DK2;970,559055;130,100006
2025-03-14 20:00:00;2025-03-14 21:00:00;DK2;831,502739;111,459999
2025-03-14 21:00:00;2025-03-14 22:00:00;DK2;850,451400;114,000000
2025-03-14 22:00:00;2025-03-14 23:00:00;DK2;784,429530;105,150002
2025-03-14 23:00:00;2025-03-15 00:00:00;DK2;836,724846;112,160004
2025-03-15 00:00:00;2025-03-15 01:00:00;DK2;769,509330;103,150002
2025-03-15 01:00:00;2025-03-15 02:00:00;DK2;716,169600;96,000000
2025-03-15 02:00:00;2025-03-15 03:00:00;DK2;670,588382;89,889999
2025-03-15 03:00:00;2025-03-15 04:00:00;DK2;648,208082;86,889999
2025-03-15 04:00:00;2025-03-15 05:00:00;DK2;675,512077;90,550003
2025-03-15 05:00:00;2025-03-15 06:00:00;DK2;723,629700;97,000000
2025-03-15 06:00:00;2025-03-15 07:00:00;DK2;741,384716;99,379997
2025-03-15 07:00:00;2025-03-15 08:00:00;DK2;736,535695;98,730003
2025-03-15 08:00:00;2025-03-15 09:00:00;DK2;644,254243;86,360001
2025-03-15 09:00:00;2025-03-15 10:00:00;DK2;539,738220;72,349998
2025-03-15 10:00:00;2025-03-15 11:00:00;DK2;500,721934;67,120003
2025-03-15 11:00:00;2025-03-15 12:00:00;DK2;427,314521;57,279999
2025-03-15 12:00:00;2025-03-15 13:00:00;DK2;357,786389;47,959999
2025-03-15 13:00:00;2025-03-15 14:00:00;DK2;406,277039;54,459999
2025-03-15 14:00:00;2025-03-15 15:00:00;DK2;527,876691;70,760002
2025-03-15 15:00:00;2025-03-15 16:00:00;DK2;628,140398;84,199997
2025-03-15 16:00:00;2025-03-15 17:00:00;DK2;909,162409;121,870003
2025-03-15 17:00:00;2025-03-15 18:00:00;DK2;971,752589;130,259995
2025-03-15 18:00:00;2025-03-15 19:00:00;DK2;991,521921;132,910004
2025-03-15 19:00:00;2025-03-15 20:00:00;DK2;905,730771;121,410004
2025-03-15 20:00:00;2025-03-15 21:00:00;DK2;809,122439;108,459999
2025-03-15 21:00:00;2025-03-15 22:00:00;DK2;783,161320;104,980003
2025-03-15 22:00:00;2025-03-15 23:00:00;DK2;710,276114;95,209999
2025-03-15 23:00:00;2025-03-16 00:00:00;DK2;671,185204;89,970001
2025-03-16 00:00:00;2025-03-16 01:00:00;DK2;639,703575;85,750000
2025-03-16 01:00:00;2025-03-16 02:00:00;DK2;593,600157;79,570000
2025-03-16 02:00:00;2025-03-16 03:00:00;DK2;583,006830;78,150002
2025-03-16 03:00:00;2025-03-16 04:00:00;DK2;585,990877;78,550003
2025-03-16 04:00:00;2025-03-16 05:00:00;DK2;219,401541;29,410000
2025-03-16 05:00:00;2025-03-16 06:00:00;DK2;224,847407;30,139999
2025-03-16 06:00:00;2025-03-16 07:00:00;DK2;229,025077;30,700001
2025-03-16 07:00:00;2025-03-16 08:00:00;DK2;227,533050;30,500000
2025-03-16 08:00:00;2025-03-16 09:00:00;DK2;214,328673;28,730000
2025-03-16 09:00:00;2025-03-16 10:00:00;DK2;179,489999;24,059999
2025-03-16 10:00:00;2025-03-16 11:00:00;DK2;21,634290;2,900000
2025-03-16 11:00:00;2025-03-16 12:00:00;DK2;7,534701;1,010000
2025-03-16 12:00:00;2025-03-16 13:00:00;DK2;1,417419;0,190000
2025-03-16 13:00:00;2025-03-16 14:00:00;DK2;19,918467;2,670000
2025-03-16 14:00:00;2025-03-16 15:00:00;DK2;229,845674;30,809999
2025-03-16 15:00:00;2025-03-16 16:00:00;DK2;447,382204;59,970001
2025-03-16 16:00:00;2025-03-16 17:00:00;DK2;706,322268;94,680000
2025-03-16 17:00:00;2025-03-16 18:00:00;DK2;623,738968;83,610001
2025-03-16 18:00:00;2025-03-16 19:00:00;DK2;339,732961;45,540001
2025-03-16 19:00:00;2025-03-16 20:00:00;DK2;234,918549;31,490000
2025-03-16 20:00:00;2025-03-16 21:00:00;DK2;232,009110;31,100000
2025-03-16 21:00:00;2025-03-16 22:00:00;DK2;228,950476;30,690001
2025-03-16 22:00:00;2025-03-16 23:00:00;DK2;227,085451;30,440001
2025-03-16 23:00:00;2025-03-17 00:00:00;DK2;228,745062;30,660000
2025-03-17 00:00:00;2025-03-17 01:00:00;DK2;299,248684;40,110001
2025-03-17 01:00:00;2025-03-17 02:00:00;DK2;578,950305;77,599998
2025-03-17 02:00:00;2025-03-17 03:00:00;DK2;603,570645;80,900002
2025-03-17 03:00:00;2025-03-17 04:00:00;DK2;640,426458;85,839996
2025-03-17 04:00:00;2025-03-17 05:00:00;DK2;770,914146;103,330002
2025-03-17 05:00:00;2025-03-17 06:00:00;DK2;1009,134245;135,259995
2025-03-17 06:00:00;2025-03-17 07:00:00;DK2;1141,188724;152,960007
2025-03-17 07:00:00;2025-03-17 08:00:00;DK2;1009,581976;135,320007
2025-03-17 08:00:00;2025-03-17 09:00:00;DK2;751,814717;100,769997
2025-03-17 09:00:00;2025-03-17 10:00:00;DK2;508,819718;68,199997
2025-03-17 10:00:00;2025-03-17 11:00:00;DK2;376,989164;50,529999
2025-03-17 11:00:00;2025-03-17 12:00:00;DK2;232,326191;31,139999
2025-03-17 12:00:00;2025-03-17 13:00:00;DK2;208,302744;27,920000
2025-03-17 13:00:00;2025-03-17 14:00:00;DK2;373,930277;50,119999
2025-03-17 14:00:00;2025-03-17 15:00:00;DK2;522,398192;70,019997
2025-03-17 15:00:00;2025-03-17 16:00:00;DK2;735,550383;98,589996
2025-03-17 16:00:00;2025-03-17 17:00:00;DK2;1067,924591;143,139999
2025-03-17 17:00:00;2025-03-17 18:00:00;DK2;1323,677379;177,419998
2025-03-17 18:00:00;2025-03-17 19:00:00;DK2;1268,990433;170,089996
2025-03-17 19:00:00;2025-03-17 20:00:00;DK2;1056,285921;141,580002
2025-03-17 20:00:00;2025-03-17 21:00:00;DK2;847,162507;113,550003
2025-03-17 21:00:00;2025-03-17 22:00:00;DK2;794,266115;106,459999
2025-03-17 22:00:00;2025-03-17 23:00:00;DK2;697,500828;93,489998
2025-03-17 23:00:00;2025-03-18 00:00:00;DK2;687,644364;92,180000
2025-03-18 00:00:00;2025-03-18 01:00:00;DK2;671,083601;89,959999
2025-03-18 01:00:00;2025-03-18 02:00:00;DK2;669,218651;89,709999
2025-03-18 02:00:00;2025-03-18 03:00:00;DK2;500,552565;67,099998
2025-03-18 03:00:00;2025-03-18 04:00:00;DK2;518,008527;69,440002
2025-03-18 04:00:00;2025-03-18 05:00:00;DK2;762,988337;102,279999
2025-03-18 05:00:00;2025-03-18 06:00:00;DK2;955,003626;128,020004
2025-03-18 06:00:00;2025-03-18 07:00:00;DK2;1019,978424;136,729996
2025-03-18 07:00:00;2025-03-18 08:00:00;DK2;794,916273;106,559998
2025-03-18 08:00:00;2025-03-18 09:00:00;DK2;510,697901;68,459999
2025-03-18 09:00:00;2025-03-18 10:00:00;DK2;203,204952;27,240000
2025-03-18 10:00:00;2025-03-18 11:00:00;DK2;13,353042;1,790000
2025-03-18 11:00:00;2025-03-18 12:00:00;DK2;-1,491960;-0,200000
2025-03-18 12:00:00;2025-03-18 13:00:00;DK2;-2,088744;-0,280000
2025-03-18 13:00:00;2025-03-18 14:00:00;DK2;129,502135;17,360001
2025-03-18 14:00:00;2025-03-18 15:00:00;DK2;287,948265;38,599998
2025-03-18 15:00:00;2025-03-18 16:00:00;DK2;716,364587;96,029999
2025-03-18 16:00:00;2025-03-18 17:00:00;DK2;1052,577825;141,100006
2025-03-18 17:00:00;2025-03-18 18:00:00;DK2;1276,893951;171,169998
2025-03-18 18:00:00;2025-03-18 19:00:00;DK2;1251,530676;167,770004
2025-03-18 19:00:00;2025-03-18 20:00:00;DK2;1063,096061;142,509995
2025-03-18 20:00:00;2025-03-18 21:00:00;DK2;878,540624;117,769997
2025-03-18 21:00:00;2025-03-18 22:00:00;DK2;801,630101;107,459999
2025-03-18 22:00:00;2025-03-18 23:00:00;DK2;749,709900;100,500000
2025-03-18 23:00:00;2025-03-19 00:00:00;DK2;801,491018;107,449997
2025-03-19 00:00:00;2025-03-19 01:00:00;DK2;764,940982;102,550003
2025-03-19 01:00:00;2025-03-19 02:00:00;DK2;755,915298;101,339996
2025-03-19 02:00:00;2025-03-19 03:00:00;DK2;761,957295;102,150002
2025-03-19 03:00:00;2025-03-19 04:00:00;DK2;796,194993;106,739998
2025-03-19 04:00:00;2025-03-19 05:00:00;DK2;915,467638;122,730003
2025-03-19 05:00:00;2025-03-19 06:00:00;DK2;1180,716716;158,289993
2025-03-19 06:00:00;2025-03-19 07:00:00;DK2;1103,439404;147,929993
2025-03-19 07:00:00;2025-03-19 08:00:00;DK2;807,010863;108,190002
2025-03-19 08:00:00;2025-03-19 09:00:00;DK2;547,430681;73,389999
2025-03-19 09:00:00;2025-03-19 10:00:00;DK2;215,272519;28,860001
2025-03-19 10:00:00;2025-03-19 11:00:00;DK2;29,538432;3,960000
2025-03-19 11:00:00;2025-03-19 12:00:00;DK2;-4,177152;-0,560000
2025-03-19 12:00:00;2025-03-19 13:00:00;DK2;-1,193472;-0,160000
2025-03-19 13:00:00;2025-03-19 14:00:00;DK2;204,531264;27,420000
2025-03-19 14:00:00;2025-03-19 15:00:00;DK2;300,456569;40,279999
2025-03-19 15:00:00;2025-03-19 16:00:00;DK2;819,020182;109,800003
2025-03-19 16:00:00;2025-03-19 17:00:00;DK2;1101,276281;147,639999
2025-03-19 17:00:00;2025-03-19 18:00:00;DK2;1851,895614;248,270004
2025-03-19 18:00:00;2025-03-19 19:00:00;DK2;1644,977369;220,529999
2025-03-19 19:00:00;2025-03-19 20:00:00;DK2;1319,532435;176,899994
2025-03-19 20:00:00;2025-03-19 21:00:00;DK2;1032,204133;138,380005
2025-03-19 21:00:00;2025-03-19 22:00:00;DK2;929,267151;124,580002
2025-03-19 22:00:00;2025-03-19 23:00:00;DK2;829,985162;111,269997
2025-03-19 23:00:00;2025-03-20 00:00:00;DK2;1522,612691;204,119995
2025-03-20 00:00:00;2025-03-20 01:00:00;DK2;756,830717;101,459999
2025-03-20 01:00:00;2025-03-20 02:00:00;DK2;728,559583;97,669998
2025-03-20 02:00:00;2025-03-20 03:00:00;DK2;735,347667;98,580002
2025-03-20 03:00:00;2025-03-20 04:00:00;DK2;758,919341;101,739998
2025-03-20 04:00:00;2025-03-20 05:00:00;DK2;825,830167;110,709999
2025-03-20 05:00:00;2025-03-20 06:00:00;DK2;1143,302268;153,270004
2025-03-20 06:00:00;2025-03-20 07:00:00;DK2;1051,626182;140,979996
2025-03-20 07:00:00;2025-03-20 08:00:00;DK2;745,268684;99,910004
2025-03-20 08:00:00;2025-03-20 09:00:00;DK2;567,511167;76,080002
2025-03-20 09:00:00;2025-03-20 10:00:00;DK2;290,170675;38,900002
2025-03-20 10:00:00;2025-03-20 11:00:00;DK2;49,977980;6,700000
2025-03-20 11:00:00;2025-03-20 12:00:00;DK2;23,347922;3,130000
2025-03-20 12:00:00;2025-03-20 13:00:00;DK2;25,436554;3,410000
2025-03-20 13:00:00;2025-03-20 14:00:00;DK2;231,092212;30,980000
2025-03-20 14:00:00;2025-03-20 15:00:00;DK2;467,182229;62,630001
2025-03-20 15:00:00;2025-03-20 16:00:00;DK2;897,067459;120,260002
2025-03-20 16:00:00;2025-03-20 17:00:00;DK2;1155,684790;154,929993
2025-03-20 17:00:00;2025-03-20 18:00:00;DK2;2083,708766;279,339996
2025-03-20 18:00:00;2025-03-20 19:00:00;DK2;1879,694243;251,990005
2025-03-20 19:00:00;2025-03-20 20:00:00;DK2;1219,462682;163,479996
2025-03-20 20:00:00;2025-03-20 21:00:00;DK2;1019,028641;136,610001
2025-03-20 21:00:00;2025-03-20 22:00:00;DK2;931,156917;124,830002
2025-03-20 22:00:00;2025-03-20 23:00:00;DK2;876,479500;117,500000
2025-03-20 23:00:00;2025-03-21 00:00:00;DK2;901,865655;120,900002
2025-03-21 00:00:00;2025-03-21 01:00:00;DK2;868,745009;116,459999
2025-03-21 01:00:00;2025-03-21 02:00:00;DK2;841,368291;112,790001
2025-03-21 02:00:00;2025-03-21 03:00:00;DK2;789,673263;105,860001
2025-03-21 03:00:00;2025-03-21 04:00:00;DK2;814,289966;109,160004
2025-03-21 04:00:00;2025-03-21 05:00:00;DK2;949,159489;127,239998
2025-03-21 05:00:00;2025-03-21 06:00:00;DK2;1159,967800;155,500000
2025-03-21 06:00:00;2025-03-21 07:00:00;DK2;1113,419859;149,259995
2025-03-21 07:00:00;2025-03-21 08:00:00;DK2;826,449091;110,790001
2025-03-21 08:00:00;2025-03-21 09:00:00;DK2;526,423972;70,570000
2025-03-21 09:00:00;2025-03-21 10:00:00;DK2;330,684083;44,330002
2025-03-21 10:00:00;2025-03-21 11:00:00;DK2;67,434784;9,040000
2025-03-21 11:00:00;2025-03-21 12:00:00;DK2;43,041892;5,770000
2025-03-21 12:00:00;2025-03-21 13:00:00;DK2;36,104464;4,840000
2025-03-21 13:00:00;2025-03-21 14:00:00;DK2;43,041892;5,770000
2025-03-21 14:00:00;2025-03-21 15:00:00;DK2;158,143527;21,200001
2025-03-21 15:00:00;2025-03-21 16:00:00;DK2;245,122463;32,860001
2025-03-21 16:00:00;2025-03-21 17:00:00;DK2;676,585698;90,699997
2025-03-21 17:00:00;2025-03-21 18:00:00;DK2;787,211581;105,529999
2025-03-21 18:00:00;2025-03-21 19:00:00;DK2;562,528466;75,410004
2025-03-21 19:00:00;2025-03-21 20:00:00;DK2;311,662081;41,779999
2025-03-21 20:00:00;2025-03-21 21:00:00;DK2;300,547291;40,290001
2025-03-21 21:00:00;2025-03-21 22:00:00;DK2;202,155160;27,100000
2025-03-21 22:00:00;2025-03-21 23:00:00;DK2;137,480428;18,430000
2025-03-21 23:00:00;2025-03-22 00:00:00;DK2;137,032859;18,370001
2025-03-22 00:00:00;2025-03-22 01:00:00;DK2;64,077964;8,590000
2025-03-22 01:00:00;2025-03-22 02:00:00;DK2;55,126444;7,390000
2025-03-22 02:00:00;2025-03-22 03:00:00;DK2;49,158764;6,590000
2025-03-22 03:00:00;2025-03-22 04:00:00;DK2;62,063872;8,320000
2025-03-22 04:00:00;2025-03-22 05:00:00;DK2;70,567816;9,460000
2025-03-22 05:00:00;2025-03-22 06:00:00;DK2;78,549588;10,530000
2025-03-22 06:00:00;2025-03-22 07:00:00;DK2;67,509380;9,050000
2025-03-22 07:00:00;2025-03-22 08:00:00;DK2;24,169104;3,240000
2025-03-22 08:00:00;2025-03-22 09:00:00;DK2;0,000000;0,000000
2025-03-22 09:00:00;2025-03-22 10:00:00;DK2;-15,068392;-2,020000
2025-03-22 10:00:00;2025-03-22 11:00:00;DK2;-43,489468;-5,830000
2025-03-22 11:00:00;2025-03-22 12:00:00;DK2;-89,515200;-12,000000
2025-03-22 12:00:00;2025-03-22 13:00:00;DK2;-84,069692;-11,270000
2025-03-22 13:00:00;2025-03-22 14:00:00;DK2;-40,953204;-5,490000
2025-03-22 14:00:00;2025-03-22 15:00:00;DK2;-12,308340;-1,650000
2025-03-22 15:00:00;2025-03-22 16:00:00;DK2;9,026116;1,210000
2025-03-22 16:00:00;2025-03-22 17:00:00;DK2;182,909392;24,520000
2025-03-22 17:00:00;2025-03-22 18:00:00;DK2;200,290260;26,850000
2025-03-22 18:00:00;2025-03-22 19:00:00;DK2;210,509905;28,219999
2025-03-22 19:00:00;2025-03-22 20:00:00;DK2;189,324641;25,379999
2025-03-22 20:00:00;2025-03-22 21:00:00;DK2;173,659495;23,280001
2025-03-22 21:00:00;2025-03-22 22:00:00;DK2;173,286508;23,230000
2025-03-22 22:00:00;2025-03-22 23:00:00;DK2;166,647464;22,340000
2025-03-22 23:00:00;2025-03-23 00:00:00;DK2;29,763804;3,990000
2025-03-23 00:00:00;2025-03-23 01:00:00;DK2;37,745576;5,060000
2025-03-23 01:00:00;2025-03-23 02:00:00;DK2;29,614612;3,970000
2025-03-23 02:00:00;2025-03-23 03:00:00;DK2;37,298000;5,000000
2025-03-23 03:00:00;2025-03-23 04:00:00;DK2;49,084168;6,580000
2025-03-23 04:00:00;2025-03-23 05:00:00;DK2;56,245384;7,540000
2025-03-23 05:00:00;2025-03-23 06:00:00;DK2;34,910928;4,680000
2025-03-23 06:00:00;2025-03-23 07:00:00;DK2;29,614612;3,970000
2025-03-23 07:00:00;2025-03-23 08:00:00;DK2;29,167036;3,910000
2025-03-23 08:00:00;2025-03-23 09:00:00;DK2;17,157080;2,300000
2025-03-23 09:00:00;2025-03-23 10:00:00;DK2;16,858696;2,260000
2025-03-23 10:00:00;2025-03-23 11:00:00;DK2;2,685456;0,360000
2025-03-23 11:00:00;2025-03-23 12:00:00;DK2;3,356820;0,450000
2025-03-23 12:00:00;2025-03-23 13:00:00;DK2;0,149192;0,020000
2025-03-23 13:00:00;2025-03-23 14:00:00;DK2;14,844604;1,990000
2025-03-23 14:00:00;2025-03-23 15:00:00;DK2;22,826376;3,060000
2025-03-23 15:00:00;2025-03-23 16:00:00;DK2;97,422376;13,060000
2025-03-23 16:00:00;2025-03-23 17:00:00;DK2;243,779728;32,680000
2025-03-23 17:00:00;2025-03-23 18:00:00;DK2;246,987363;33,110001
2025-03-23 18:00:00;2025-03-23 19:00:00;DK2;290,551427;38,950001
2025-03-23 19:00:00;2025-03-23 20:00:00;DK2;247,434917;33,169998
2025-03-23 20:00:00;2025-03-23 21:00:00;DK2;246,166800;33,000000
2025-03-23 21:00:00;2025-03-23 22:00:00;DK2;244,898683;32,830002
2025-03-23 22:00:00;2025-03-23 23:00:00;DK2;243,406755;32,630001
2025-03-23 23:00:00;2025-03-24 00:00:00;DK2;823,633807;110,419998
2025-03-24 00:00:00;2025-03-24 01:00:00;DK2;800,063081;107,260002
2025-03-24 01:00:00;2025-03-24 02:00:00;DK2;759,933086;101,879997
2025-03-24 02:00:00;2025-03-24 03:00:00;DK2;737,779611;98,910004
2025-03-24 03:00:00;2025-03-24 04:00:00;DK2;760,455223;101,949997
2025-03-24 04:00:00;2025-03-24 05:00:00;DK2;893,674756;119,809998
2025-03-24 05:00:00;2025-03-24 06:00:00;DK2;1055,910181;141,559998
2025-03-24 06:00:00;2025-03-24 07:00:00;DK2;1226,052230;164,369995
2025-03-24 07:00:00;2025-03-24 08:00:00;DK2;1208,150434;161,970001
2025-03-24 08:00:00;2025-03-24 09:00:00;DK2;1010,409738;135,460007
2025-03-24 09:00:00;2025-03-24 10:00:00;DK2;829,601109;111,220001
2025-03-24 10:00:00;2025-03-24 11:00:00;DK2;801,256507;107,419998
2025-03-24 11:00:00;2025-03-24 12:00:00;DK2;751,802696;100,790001
2025-03-24 12:00:00;2025-03-24 13:00:00;DK2;752,772357;100,919998
2025-03-24 13:00:00;2025-03-24 14:00:00;DK2;795,289264;106,620003
2025-03-24 14:00:00;2025-03-24 15:00:00;DK2;864,584311;115,910004
2025-03-24 15:00:00;2025-03-24 16:00:00;DK2;977,291312;131,020004
2025-03-24 16:00:00;2025-03-24 17:00:00;DK2;1150,491621;154,240005
2025-03-24 17:00:00;2025-03-24 18:00:00;DK2;1582,149708;212,110001
2025-03-24 18:00:00;2025-03-24 19:00:00;DK2;1440,426808;193,110001
2025-03-24 19:00:00;2025-03-24 20:00:00;DK2;1207,777457;161,919998
2025-03-24 20:00:00;2025-03-24 21:00:00;DK2;1033,458327;138,550003
2025-03-24 21:00:00;2025-03-24 22:00:00;DK2;936,490027;125,550003
2025-03-24 22:00:00;2025-03-24 23:00:00;DK2;858,691614;115,120003
2025-03-24 23:00:00;2025-03-25 00:00:00;DK2;750,540546;100,610001
2025-03-25 00:00:00;2025-03-25 01:00:00;DK2;745,840824;99,980003
2025-03-25 01:00:00;2025-03-25 02:00:00;DK2;745,244025;99,900002
2025-03-25 02:00:00;2025-03-25 03:00:00;DK2;718,985140;96,379997
2025-03-25 03:00:00;2025-03-25 04:00:00;DK2;731,144814;98,010002
2025-03-25 04:00:00;2025-03-25 05:00:00;DK2;745,393193;99,919998
2025-03-25 05:00:00;2025-03-25 06:00:00;DK2;1000,297961;134,089996
2025-03-25 06:00:00;2025-03-25 07:00:00;DK2;1060,573968;142,169998
2025-03-25 07:00:00;2025-03-25 08:00:00;DK2;995,449071;133,440002
2025-03-25 08:00:00;2025-03-25 09:00:00;DK2;794,031771;106,440002
2025-03-25 09:00:00;2025-03-25 10:00:00;DK2;686,534590;92,029999
2025-03-25 10:00:00;2025-03-25 11:00:00;DK2;587,690915;78,779999
2025-03-25 11:00:00;2025-03-25 12:00:00;DK2;510,555571;68,440002
2025-03-25 12:00:00;2025-03-25 13:00:00;DK2;509,287351;68,269997
2025-03-25 13:00:00;2025-03-25 14:00:00;DK2;577,694671;77,440002
2025-03-25 14:00:00;2025-03-25 15:00:00;DK2;662,737486;88,839996
2025-03-25 15:00:00;2025-03-25 16:00:00;DK2;757,627429;101,559998
2025-03-25 16:00:00;2025-03-25 17:00:00;DK2;956,955965;128,279999
2025-03-25 17:00:00;2025-03-25 18:00:00;DK2;1024,393520;137,320007
2025-03-25 18:00:00;2025-03-25 19:00:00;DK2;905,557254;121,389999
2025-03-25 19:00:00;2025-03-25 20:00:00;DK2;723,983317;97,050003
2025-03-25 20:00:00;2025-03-25 21:00:00;DK2;649,981065;87,129997
2025-03-25 21:00:00;2025-03-25 22:00:00;DK2;477,209810;63,970001
2025-03-25 22:00:00;2025-03-25 23:00:00;DK2;417,754400;56,000000
2025-03-25 23:00:00;2025-03-26 00:00:00;DK2;500,599535;67,099998
2025-03-26 00:00:00;2025-03-26 01:00:00;DK2;475,606875;63,750000
2025-03-26 01:00:00;2025-03-26 02:00:00;DK2;480,157787;64,360001
2025-03-26 02:00:00;2025-03-26 03:00:00;DK2;492,019953;65,949997
2025-03-26 03:00:00;2025-03-26 04:00:00;DK2;522,309620;70,010002
2025-03-26 04:00:00;2025-03-26 05:00:00;DK2;681,740468;91,379997
2025-03-26 05:00:00;2025-03-26 06:00:00;DK2;891,753558;119,529999
2025-03-26 06:00:00;2025-03-26 07:00:00;DK2;1027,683875;137,750000
2025-03-26 07:00:00;2025-03-26 08:00:00;DK2;1000,303855;134,080002
2025-03-26 08:00:00;2025-03-26 09:00:00;DK2;815,805660;109,349998
2025-03-26 09:00:00;2025-03-26 10:00:00;DK2;726,055860;97,320000
2025-03-26 10:00:00;2025-03-26 11:00:00;DK2;707,777657;94,870003
2025-03-26 11:00:00;2025-03-26 12:00:00;DK2;680,323010;91,190002
2025-03-26 12:00:00;2025-03-26 13:00:00;DK2;621,161245;83,260002
2025-03-26 13:00:00;2025-03-26 14:00:00;DK2;663,313085;88,910004
2025-03-26 14:00:00;2025-03-26 15:00:00;DK2;680,248390;91,180000
2025-03-26 15:00:00;2025-03-26 16:00:00;DK2;748,213552;100,290001
2025-03-26 16:00:00;2025-03-26 17:00:00;DK2;1009,107193;135,259995
2025-03-26 17:00:00;2025-03-26 18:00:00;DK2;1209,496223;162,119995
2025-03-26 18:00:00;2025-03-26 19:00:00;DK2;1265,673780;169,649994
2025-03-26 19:00:00;2025-03-26 20:00:00;DK2;1144,291527;153,380005
2025-03-26 20:00:00;2025-03-26 21:00:00;DK2;966,060182;129,490005
2025-03-26 21:00:00;2025-03-26 22:00:00;DK2;876,683370;117,510002
2025-03-26 22:00:00;2025-03-26 23:00:00;DK2;797,452838;106,889999
2025-03-26 23:00:00;2025-03-27 00:00:00;DK2;775,220585;103,910004
2025-03-27 00:00:00;2025-03-27 01:00:00;DK2;738,440312;98,980003
2025-03-27 01:00:00;2025-03-27 02:00:00;DK2;720,609665;96,589996
2025-03-27 02:00:00;2025-03-27 03:00:00;DK2;714,790490;95,809998
2025-03-27 03:00:00;2025-03-27 04:00:00;DK2;687,335843;92,129997
2025-03-27 04:00:00;2025-03-27 05:00:00;DK2;750,004058;100,529999
2025-03-27 05:00:00;2025-03-27 06:00:00;DK2;898,393395;120,419998
2025-03-27 06:00:00;2025-03-27 07:00:00;DK2;1044,544568;140,009995
2025-03-27 07:00:00;2025-03-27 08:00:00;DK2;921,371750;123,500000
2025-03-27 08:00:00;2025-03-27 09:00:00;DK2;670,848145;89,919998
2025-03-27 09:00:00;2025-03-27 10:00:00;DK2;528,128802;70,790001
2025-03-27 10:00:00;2025-03-27 11:00:00;DK2;329,082662;44,110001
2025-03-27 11:00:00;2025-03-27 12:00:00;DK2;194,793662;26,110001
2025-03-27 12:00:00;2025-03-27 13:00:00;DK2;49,761535;6,670000
2025-03-27 13:00:00;2025-03-27 14:00:00;DK2;238,736000;32,000000
2025-03-27 14:00:00;2025-03-27 15:00:00;DK2;500,599535;67,099998
2025-03-27 15:00:00;2025-03-27 16:00:00;DK2;649,585735;87,070000
2025-03-27 16:00:00;2025-03-27 17:00:00;DK2;865,791047;116,050003
2025-03-27 17:00:00;2025-03-27 18:00:00;DK2;937,262593;125,629997
2025-03-27 18:00:00;2025-03-27 19:00:00;DK2;1048,200250;140,500000
2025-03-27 19:00:00;2025-03-27 20:00:00;DK2;1049,617760;140,690002
2025-03-27 20:00:00;2025-03-27 21:00:00;DK2;745,826192;99,970001
2025-03-27 21:00:00;2025-03-27 22:00:00;DK2;674,429215;90,400002
2025-03-27 22:00:00;2025-03-27 23:00:00;DK2;605,195782;81,120003
2025-03-27 23:00:00;2025-03-28 00:00:00;DK2;635,653719;85,190002
2025-03-28 00:00:00;2025-03-28 01:00:00;DK2;584,168671;78,290001
2025-03-28 01:00:00;2025-03-28 02:00:00;DK2;513,208841;68,779999
2025-03-28 02:00:00;2025-03-28 03:00:00;DK2;484,034014;64,870003
2025-03-28 03:00:00;2025-03-28 04:00:00;DK2;399,867144;53,590000
2025-03-28 04:00:00;2025-03-28 05:00:00;DK2;446,278303;59,810001
2025-03-28 05:00:00;2025-03-28 06:00:00;DK2;636,176031;85,260002
2025-03-28 06:00:00;2025-03-28 07:00:00;DK2;627,520545;84,099998
2025-03-28 07:00:00;2025-03-28 08:00:00;DK2;482,690919;64,690002
2025-03-28 08:00:00;2025-03-28 09:00:00;DK2;261,006768;34,980000
2025-03-28 09:00:00;2025-03-28 10:00:00;DK2;152,664329;20,459999
2025-03-28 10:00:00;2025-03-28 11:00:00;DK2;12,535488;1,680000
2025-03-28 11:00:00;2025-03-28 12:00:00;DK2;-0,074616;-0,010000
2025-03-28 12:00:00;2025-03-28 13:00:00;DK2;-0,223848;-0,030000
2025-03-28 13:00:00;2025-03-28 14:00:00;DK2;108,043968;14,480000
2025-03-28 14:00:00;2025-03-28 15:00:00;DK2;522,759681;70,059998
2025-03-28 15:00:00;2025-03-28 16:00:00;DK2;777,051017;104,139999
2025-03-28 16:00:00;2025-03-28 17:00:00;DK2;984,931200;132,000000
2025-03-28 17:00:00;2025-03-28 18:00:00;DK2;1238,551021;165,990005
2025-03-28 18:00:00;2025-03-28 19:00:00;DK2;1237,954086;165,910004
2025-03-28 19:00:00;2025-03-28 20:00:00;DK2;1104,540641;148,029999
2025-03-28 20:00:00;2025-03-28 21:00:00;DK2;929,416881;124,559998
2025-03-28 21:00:00;2025-03-28 22:00:00;DK2;880,021119;117,940002
2025-03-28 22:00:00;2025-03-28 23:00:00;DK2;821,671414;110,120003
2025-03-28 23:00:00;2025-03-29 00:00:00;DK2;847,787014;113,620003
2025-03-29 00:00:00;2025-03-29 01:00:00;DK2;775,334886;103,910004
2025-03-29 01:00:00;2025-03-29 02:00:00;DK2;720,342871;96,540001
2025-03-29 02:00:00;2025-03-29 03:00:00;DK2;717,955159;96,220001
2025-03-29 03:00:00;2025-03-29 04:00:00;DK2;720,044400;96,500000
2025-03-29 04:00:00;2025-03-29 05:00:00;DK2;691,988769;92,739998
2025-03-29 05:00:00;2025-03-29 06:00:00;DK2;721,760590;96,730003
2025-03-29 06:00:00;2025-03-29 07:00:00;DK2;734,519919;98,440002
2025-03-29 07:00:00;2025-03-29 08:00:00;DK2;685,422583;91,860001
2025-03-29 08:00:00;2025-03-29 09:00:00;DK2;568,126217;76,139999
2025-03-29 09:00:00;2025-03-29 10:00:00;DK2;490,003257;65,669998
2025-03-29 10:00:00;2025-03-29 11:00:00;DK2;487,540914;65,339996
2025-03-29 11:00:00;2025-03-29 12:00:00;DK2;487,466343;65,330002
2025-03-29 12:00:00;2025-03-29 13:00:00;DK2;15,370896;2,060000
2025-03-29 13:00:00;2025-03-29 14:00:00;DK2;29,398704;3,940000
2025-03-29 14:00:00;2025-03-29 15:00:00;DK2;188,554632;25,270000
2025-03-29 15:00:00;2025-03-29 16:00:00;DK2;420,610385;56,369999
2025-03-29 16:00:00;2025-03-29 17:00:00;DK2;746,906145;100,099998
2025-03-29 17:00:00;2025-03-29 18:00:00;DK2;1096,183686;146,910004
2025-03-29 18:00:00;2025-03-29 19:00:00;DK2;1135,879338;152,229996
2025-03-29 19:00:00;2025-03-29 20:00:00;DK2;903,375912;121,070000
2025-03-29 20:00:00;2025-03-29 21:00:00;DK2;730,639857;97,919998
2025-03-29 21:00:00;2025-03-29 22:00:00;DK2;571,931655;76,650002
2025-03-29 22:00:00;2025-03-29 23:00:00;DK2;322,788801;43,259998
2025-03-29 23:00:00;2025-03-30 00:00:00;DK2;345,546703;46,310001
2025-03-30 00:00:00;2025-03-30 01:00:00;DK2;55,738152;7,470000
2025-03-30 01:00:00;2025-03-30 03:00:00;DK2;32,383344;4,340000
2025-03-30 02:00:00;2025-03-30 04:00:00;DK2;29,921016;4,010000
2025-03-30 03:00:00;2025-03-30 05:00:00;DK2;22,459416;3,010000
2025-03-30 04:00:00;2025-03-30 06:00:00;DK2;26,040984;3,490000
2025-03-30 05:00:00;2025-03-30 07:00:00;DK2;24,697896;3,310000
2025-03-30 06:00:00;2025-03-30 08:00:00;DK2;27,234840;3,650000
2025-03-30 07:00:00;2025-03-30 09:00:00;DK2;29,100240;3,900000
2025-03-30 08:00:00;2025-03-30 10:00:00;DK2;26,787144;3,590000
2025-03-30 09:00:00;2025-03-30 11:00:00;DK2;28,354080;3,800000
2025-03-30 10:00:00;2025-03-30 12:00:00;DK2;12,237024;1,640000
2025-03-30 11:00:00;2025-03-30 13:00:00;DK2;34,621824;4,640000
2025-03-30 12:00:00;2025-03-30 14:00:00;DK2;29,697168;3,980000
2025-03-30 13:00:00;2025-03-30 15:00:00;DK2;30,219480;4,050000
2025-03-30 14:00:00;2025-03-30 16:00:00;DK2;54,395064;7,290000
2025-03-30 15:00:00;2025-03-30 17:00:00;DK2;110,357064;14,790000
2025-03-30 16:00:00;2025-03-30 18:00:00;DK2;216,087929;28,959999
2025-03-30 17:00:00;2025-03-30 19:00:00;DK2;336,219703;45,060001
2025-03-30 18:00:00;2025-03-30 20:00:00;DK2;418,521144;56,090000
2025-03-30 19:00:00;2025-03-30 21:00:00;DK2;358,679112;48,070000
2025-03-30 20:00:00;2025-03-30 22:00:00;DK2;414,864945;55,599998
2025-03-30 21:00:00;2025-03-30 23:00:00;DK2;398,822527;53,450001
